id_setor,populacao,ivs,area_km2,dens_pop_km2,min_dist_exist_km,cnes_mais_proxima,centralidade_km,n_area,n_dens,n_cent,score,rank_abnc
313760114000010,9,0.421021,17.00301928615855,0.5293177551898988,6.598029928853477,5402034,6.598029928853477,0.7438002279061889,5.8297375565559366e-05,1.0,0.5231633873220829,1
313760105000048,36,0.476109,22.844408220228228,1.5758779852359135,4.512431693763869,5402034,4.512431693763869,1.0,0.00017356219369183228,0.6257009823153693,0.48777971957208754,2
313760105000273,402,0.435372,0.044275002581289,9079.615506784605,2.511892869327751,5324920,2.511892869327751,0.0,1.0,0.2666674425721635,0.48000023277164905,3
313760105000146,68,0.425588,21.041021889786187,3.2317821993716387,4.315765617183457,9342923,4.315765617183457,0.9209045704589898,0.00035593822193866453,0.5904056325028126,0.4535354361773162,4
313760105000272,427,0.407986,0.058921364209448,7246.946939010805,2.273664922747209,5324920,2.273664922747209,0.0006423805285849361,0.7981557075402185,0.22391304966470482,0.3866289120740743,5
313760105000172,123,0.420705,15.408925275147634,7.982386688472115,2.8742299149794164,5402425,2.8742299149794164,0.6738842324252015,0.0008791547045695269,0.33169549925938185,0.3020255813872028,6
313760114000002,133,0.421021,10.50499804542065,12.660640147189508,3.908078885459602,5324920,3.908078885459602,0.45880096151117794,0.001394402674620862,0.5172387393592057,0.2933696713309634,7
313760105000229,578,0.400301,0.090610996982233,6378.916679543148,1.1730646977056367,2116537,1.1730646977056367,0.002032268581881824,0.70255361306617,0.02639006745003859,0.2895481460360442,8
313760105000264,324,0.406436,14.499552918128497,22.345516570715045,2.431491925513194,9342923,2.431491925513194,0.6339997129647933,0.002461064188678221,0.2522380123087586,0.26685574325753686,9
313760114000007,345,0.421021,0.477471060946921,722.5568798154924,4.3139395249268935,5402034,4.3139395249268935,0.018999716108252615,0.07958011870387824,0.5900779066127858,0.21455533429786283,10
313760115000006,0,0.421021,10.747912079339649,0.0,2.2901115397400647,6897061,2.2901115397400647,0.46945502355547275,0.0,0.22686469801244938,0.20889591647037664,11
313760114000008,270,0.421021,0.229742464217108,1175.2289717970832,3.835077045131988,5402034,3.835077045131988,0.008134490262200318,0.1294359844774166,0.5041372144997823,0.20545590521956145,12
313760115000005,74,0.421021,9.419384233788163,7.856139866824359,2.493116027296974,6897061,2.493116027296974,0.4111865988550755,0.0008652502808025271,0.2632975924212128,0.2026913574952075,13
313760105000280,331,0.418459,5.731600131328088,57.75001612390969,2.862185403873007,6844286,2.862185403873007,0.24944262713100732,0.0063604032660586635,0.32953388989485,0.17623711641418066,14
313760115000007,51,0.421021,4.401931489898413,11.585823204435417,3.06065088634748,2116529,3.06065088634748,0.19112416781601818,0.0012760257519471047,0.36515217623814944,0.16739331351702913,15
313760105000050,0,0.657996,4.283401263730999,0.0,2.927185729984841,9342877,2.927185729984841,0.18592550406103306,0.0,0.34119939564926727,0.1581374699130901,16
313760105000226,399,0.40104,0.121917915330587,3272.693753974467,1.2049355815658551,2116537,1.2049355815658551,0.0034053710128852947,0.3604440905596714,0.03210988458495679,0.15483221290322116,17
313760114000009,23,0.421021,3.338508181060703,6.889304669216804,3.079971200614156,5402034,3.079971200614156,0.14448306713970122,0.0007587661244101004,0.3686195624919859,0.15423429533927016,18
313760105000231,120,0.425152,0.270970091681231,442.8533025746912,2.6775638185547,9342877,2.6775638185547,0.009942708971738974,0.048774455509021916,0.29640014588539926,0.11141263866075024,19
313760105000257,184,0.404214,0.073388118420182,2507.2178434458856,1.0260189521993797,2116561,1.0260189521993797,0.0012768835848888777,0.2761370061950757,0.0,0.11083786755349695,20
313760105000145,382,0.401551,0.849830495265074,449.50140307785597,2.273756765636993,5402034,2.273756765636993,0.03533117482227244,0.04950665617304751,0.22392953256292034,0.09758087468477683,21
313760115000015,0,0.421021,2.242263038523991,0.0,2.235549487941952,2117363,2.235549487941952,0.09640242076487056,0.0,0.21707253284502245,0.0940424860829679,22
313760105000230,90,0.401637,0.234336025088281,384.063867116012,2.3563883931156293,9342877,2.3563883931156293,0.008335961053064717,0.042299573900351405,0.2387593000965542,0.09104840790502623,23
313760105000152,124,0.417121,2.93299355738026,42.27762440458832,1.9573160074104687,2116529,1.9573160074104687,0.12669744195017024,0.00465632320806944,0.16713841001266616,0.0900132848720787,24
313760105000010,294,0.400631,0.160954286419747,1826.6055942945677,1.1588295475788744,2116553,1.1588295475788744,0.005117482548222574,0.2011765358268381,0.023835307564172334,0.08915645136445371,25
313760105000058,177,0.433947,0.33336485457178,530.9497914150647,2.1751984324316904,9342877,2.1751984324316904,0.012679305389616763,0.05847712284934539,0.20624142433444637,0.08906706805695709,26
313760105000174,153,0.458697,0.274271753643374,557.8408930835093,2.165567129506626,9342877,2.165567129506626,0.010087517860819833,0.061438823336370484,0.2045129096266653,0.08895565758079373,27
313760105000009,426,0.426593,0.360205375597286,1182.6586410422515,1.5820502172983577,2116553,1.5820502172983577,0.013856514345778996,0.13025426463912793,0.09979005199894021,0.08619567575906693,28
313760105000147,306,0.422234,1.745373896475028,175.32060071369247,2.059568407048632,5402425,2.059568407048632,0.07460916467703424,0.01930925385361162,0.18548948650310848,0.08575329689548747,29
313760115000030,73,0.421021,0.946249946910525,77.146635768216,2.319367213077198,2116529,2.319367213077198,0.03956007343111144,0.008496685317849566,0.23211516744973335,0.08490124639139326,30
313760115000019,43,0.421021,3.763706424491068,11.424908095964074,1.61567887775287,2116529,1.61567887775287,0.163132003940705,0.0012583030732333308,0.10582533451999254,0.0811905227675026,31
313760105000114,11,0.657996,1.764393531290104,6.234436822014944,1.978651588307824,9342877,1.978651588307824,0.07544335431239808,0.0006866410606656588,0.1709674729823459,0.07419790461268946,32
313760105000225,217,0.405862,0.243558087217919,890.95789213455,1.6144113879712396,2116537,1.6144113879712396,0.008740435098966355,0.09812727107979355,0.10559786013292818,0.07355239700148578,33
313760115000031,352,0.421021,0.616930481945562,570.5667174848081,1.778307563594287,2116529,1.778307563594287,0.02511632164153527,0.06284040519760564,0.13501204763358965,0.07317467286157973,34
313760105000281,151,0.289279,1.814336261604429,83.22602771906777,1.8770756334016447,9342923,1.8770756334016447,0.07763381214163875,0.009166250229084964,0.15273779695841713,0.07277798282165074,35
313760105000144,84,0.355667,0.577158237574145,145.54067590382246,2.1179797882384785,5402034,2.1179797882384785,0.023371935150818018,0.016029387565483295,0.1959724847302443,0.07221508099051202,36
313760105000078,238,0.395098,0.174447394063413,1364.3081415907257,1.1913325628082518,2116553,1.1913325628082518,0.005709282057236958,0.15026056340946015,0.029668572316442262,0.07071758167588783,37
313760105000238,331,0.415314,0.357426944694963,926.0633673896175,1.4427700232671756,2116561,1.4427700232671756,0.01373465405330612,0.10199367657117536,0.07479365579391738,0.0673559635826372,38
313760105000232,326,0.409939,0.926597587761786,351.8247881342527,1.7280664773305665,5402425,1.7280664773305665,0.03869813289062686,0.038748864186083316,0.12599535931868444,0.06490759333722672,39
313760105000024,94,0.422378,0.846392348775992,111.05960508260483,1.89572292724495,9342877,1.89572292724495,0.03518037980470557,0.012231751994301656,0.15608439730099266,0.06227213392943013,40
313760115000020,925,0.421021,0.939784014249825,984.2687106551538,1.1460831602281902,2116529,1.1460831602281902,0.039276481550354556,0.10840422812173862,0.02154773357982636,0.061608955787749727,41
313760105000173,187,0.454958,0.339129716258432,551.4114246995024,1.606020996056683,9342877,1.606020996056683,0.012932148723101765,0.06073070211921073,0.1040920497621821,0.05939954039326945,42
313760105000087,179,0.426491,0.209164426864025,855.786056375473,1.3598390697657112,5402034,1.3598390697657112,0.007231950037691632,0.09425355685337114,0.05991016869223491,0.057844058360326425,43
313760115000034,231,0.421021,2.946148184921163,78.40746137016914,1.2603367013218378,2117363,1.2603367013218378,0.12727439592738304,0.008635548643175513,0.04205263595212122,0.054252329021121475,44
313760105000265,329,0.412331,2.752504130918255,119.5275227035693,1.2729846403993883,2116545,1.2729846403993883,0.11878128528831754,0.013164381532924404,0.04432254158054576,0.05419690067382875,45
313760115000032,340,0.421021,0.521505235163199,651.9589393836112,1.3756071531725231,2116529,1.3756071531725231,0.020931028254367455,0.07180468588085528,0.06274004169013062,0.053823195335691534,46
313760105000219,562,0.409474,0.635613705395856,884.1848362127278,1.1439592580829083,2116588,1.1439592580829083,0.02593575647868936,0.09738130822302267,0.021166560219942336,0.05308321829879858,47
313760105000215,189,0.41761,0.926540723227037,203.98455811174094,1.5761279160490504,9342877,1.5761279160490504,0.03869563884665763,0.02246621103716524,0.09872718595755572,0.050213331856130104,48
313760105000240,240,0.411121,0.242678913309023,988.9610791786771,1.0661002177926495,2116561,1.0661002177926495,0.008701875065105872,0.10892103068017484,0.007193321363006001,0.048336971200503495,49
313760105000081,184,0.418886,0.299788505956248,613.7660261959926,1.3435717549533477,5402034,1.3435717549533477,0.011206667124962046,0.06759823978640563,0.05699069942332621,0.04749850587904873,50
313760105000082,176,0.412712,0.187775730787304,937.2883240132745,1.1042853605421603,2116553,1.1042853605421603,0.0062938548137494105,0.10322995762462629,0.014046348557227422,0.047394044061143566,51
313760105000233,121,0.441017,2.978940654955689,40.61846609757315,1.121212640389566,5402417,1.121212640389566,0.1287126537534007,0.0044735887843732605,0.017084260707495684,0.04552850985201823,52
313760105000088,331,0.419574,0.592180357018458,558.9513331150275,1.2273395091291406,5402034,1.2273395091291406,0.02403079618908099,0.061561123672842714,0.03613068204159401,0.04267289293833959,53
313760105000097,179,0.434253,0.290717381259763,615.7182595149314,1.1467970529858786,2116553,1.1467970529858786,0.010808813103237992,0.06781325256062279,0.021675854784303436,0.036870701390511545,54
313760105000224,179,0.402143,0.40248060259241,444.7419300384828,1.2566801467271878,2116537,1.2566801467271878,0.015710680134705335,0.048982462936470836,0.041396399880446105,0.03672510917913377,55
313760105000220,287,0.419078,0.442386339542528,648.7542094920627,1.061915672452426,5402417,1.061915672452426,0.01746092152887542,0.07145172711413726,0.006442327627035947,0.03575166559242832,56
313760105000092,58,0.475572,1.271473239825222,45.61637491322487,1.2895783720563905,5402034,1.2895783720563905,0.05382416960152238,0.0050240425796817855,0.04730059236445976,0.032347045621667354,57
313760105000206,109,0.429458,0.166826888844083,653.3718919968098,1.0295705809869329,9342877,1.0295705809869329,0.005375051325048435,0.07196030399179212,0.0006374052029750152,0.030587858555123887,58
313760115000029,122,0.421021,0.651596956563782,187.23230483360607,1.2909565853420848,2116529,1.2909565853420848,0.026636772170806244,0.020621171094051236,0.047547938123732106,0.030503881525981998,59
313760115000009,279,0.421021,0.902474902367632,309.14987139038095,1.1178125568525954,6897061,1.1178125568525954,0.037640126555142664,0.03404878446222458,0.01647405309103255,0.029853767678742392,60
313760105000285,181,0.412898,1.130493913332645,160.1070097462269,1.1008197503768746,9342877,1.1008197503768746,0.047640901936074655,0.017633677288051392,0.013424380980385583,0.02537305579015863,61
313760105000221,0,0.657996,0.200568875883606,0.0,1.45364395990618,5402417,1.45364395990618,0.0068549543904133006,0.0,0.07674518400959471,0.025080041520002403,62
313760105000101,37,0.399635,0.831116814813611,44.518411059097325,1.260244736130458,2116545,1.260244736130458,0.034510404159538814,0.004903116329742335,0.04203613110463167,0.024925207111148078,63
313760115000002,92,0.421021,0.904567571927726,101.70605586041361,1.176495782728407,6897061,1.176495782728407,0.03773190977150012,0.011201581805354566,0.02700583885414136,0.02390195730983427,64
313760105000016,139,0.433626,0.41358174282927,336.0883366105944,1.0338848810940156,5402034,1.0338848810940156,0.016197569405521875,0.037015701420336306,0.0014116858217962899,0.020089057136329972,65
313760105000195,79,0.420605,0.743392299299266,106.26959692004709,1.0832136310570597,9342923,1.0832136310570597,0.030662860170346345,0.011704195716287629,0.010264638583326071,0.016959927912616777,66
